id,title,author_byline,publisher,canonical_https_url,original_publication_date,modified_date,retrieved_date,date_evidence_location,language,topic,source_class,access_licensing_robots_paywall_note,permitted_ingestion_mode,why_it_matters
CR-001,"'We willen impact hebben, een echte beweging in gang zetten'","Walter van Hulst","ManagementSite","https://www.managementsite.nl/rebelleren-tegen-bedrijfscultuur-van-command-en-control","2017-09-05","","2026-08-13","Publisher page header shows 5 sep. '17; author line also repeats date","nl","founding story; command-and-control critique","independent","Public publisher page; no paywall observed; standard publisher copyright; robots policy must be rechecked immediately before any fetch","Metadata + canonical link + original concise synopsis only; no full-text copy","Early independent interview documents the founders' motivations and the movement's intended impact."
CR-002,"Wees eens rebels op je werk","Annemiek Leclaire","NRC","https://www.nrc.nl/nieuws/2017/11/30/wees-eens-rebels-op-je-werk-a1583160","2017-11-30","","2026-08-13","Publisher page metadata block says Gepubliceerd op 30 november 2017","nl","autonomy; work happiness; founder profile","independent","Archive article; subscription/login controls present and robots denied the audit bot; do not fetch or ingest article text","Metadata + canonical link + original concise synopsis only; never bypass archive/paywall/robots","A mainstream Dutch profile provides independent context on the early autonomy thesis and team."
CR-003,"Advice From The CIA: How To Sabotage Your Workplace","Joost Minnaar","Corporate Rebels","https://www.corporate-rebels.com/blog/cia-field-manual","2019-04-03","","2026-08-13","Article header line states Written by Joost Minnaar April 03, 2019","en","bureaucracy; productivity; management anti-patterns","official","Public article; no paywall observed; standard site copyright; robots status requires pre-ingestion verification","Metadata + canonical link + original concise synopsis only; no page-body copy","A memorable anti-pattern lens connects bureaucracy and procedural drag to avoidable productivity loss."
CR-004,"How To Organize A Large Company Without Middle Management","Joost Minnaar","Corporate Rebels","https://www.corporate-rebels.com/blog/how-to-organize-a-large-organization-without-middle-management","2019-11-06","","2026-08-13","Article header states Written by Joost Minnaar November 06, 2019","en","self-management; scale; organizational design","official","Public article; no paywall observed; standard site copyright; robots status requires pre-ingestion verification","Metadata + canonical link + original concise synopsis only; no page-body copy","A research-led treatment of large-scale self-management anchors the core organization-design thesis."
CR-005,"The Corporate Rebel 8: Trends to take organizations into the future of work","Designit","Designit / Matters on Medium","https://medium.com/designit-global/the-corporate-rebel-8-trends-to-take-organizations-into-the-future-of-work-bd3e3542a2f1","2020-02-26","","2026-08-13","Publisher page header shows Designit and Feb 26, 2020","en","eight trends; organizational change; design","independent","Public page; no member-only gate observed; Medium robots explicitly disallows GPTBot, so automated ingestion is prohibited unless policy changes or permission is obtained","Manual metadata + canonical link + original concise synopsis only; no automated fetch and no page-body copy","Independent workshop coverage summarizes the eight trends and shows how an external design practice interpreted them."
CR-006,"Rebellen met een groot hart","Dirk Koppes","Intermediair","https://www.intermediair.nl/persoonlijke-groei/ambitie/rebellen-met-een-groot-hart","2020-03-05","","2026-08-13","Publisher page header lists Dirk Koppes and 5 maart 2020","nl","founder profile; progressive workplaces; book","independent","Public page; no paywall observed in audit; standard publisher copyright; robots policy must be rechecked immediately before any fetch","Metadata + canonical link + original concise synopsis only; no full-text copy","A substantial independent profile traces the founders' journey and tests their ideas through interview questions."
CR-007,"'Pioniers geven medewerkers hun vrijheid terug'","Peter Spijker","Managementboek.nl","https://www.managementboek.nl/magazine/interview/10065/joost-minnaar-en-pim-de-morree-pioniers-geven-medewerkers-hun-vrijheid-terug","2020-06-24","","2026-08-13","Publisher page byline states Peter Spijker | 24 juni 2020","nl","book interview; autonomy; progressive organizations","independent","Public page; no paywall observed; standard publisher copyright; robots policy must be rechecked immediately before any fetch","Metadata + canonical link + original concise synopsis only; no full-text copy","The interview records which pioneers and structural freedoms the founders considered most consequential at book launch."
CR-008,"Feedback At Netflix: 4 Powerful Guidelines","Pim de Morree","Corporate Rebels","https://www.corporate-rebels.com/blog/feedback-at-netflix","2020-12-05","","2026-08-13","Article header states Written by Pim de Morree December 05, 2020","en","feedback; candor; culture","official","Public article; no paywall observed; standard site copyright; robots status requires pre-ingestion verification","Metadata + canonical link + original concise synopsis only; no page-body copy","A practical culture example turns candor into explicit norms for giving and receiving feedback."
CR-009,"After 5 Years of Corporate Rebels: Where Are We?","Pim de Morree","Corporate Rebels","https://www.corporate-rebels.com/blog/where-are-we-at","2021-05-01","","2026-08-13","Article header states Written by Pim de Morree May 01, 2021","en","company history; mission; growth","official","Public article; no paywall observed; standard site copyright; robots status requires pre-ingestion verification","Metadata + canonical link + original concise synopsis only; no page-body copy","A first-party five-year retrospective provides a dated checkpoint on mission, reach, and strategic direction."
CR-012,"Work 10x Smarter With One Magic Word: Asynchronicity","Pim de Morree","Corporate Rebels","https://www.corporate-rebels.com/blog/asynchronicity","2022-11-02","","2026-08-13","Article header states Written by Pim de Morree November 02, 2022","en","asynchronous work; remote work; productivity","official","Public article; no paywall observed; standard site copyright; robots status requires pre-ingestion verification","Metadata + canonical link + original concise synopsis only; no page-body copy","A clear explanation of asynchronous work links autonomy to documentation, focus, and reduced coordination cost."
CR-013,"To Hell With Corporate Hierarchy Titles","Joost Minnaar","Corporate Rebels","https://www.corporate-rebels.com/blog/corporate-hierarchy-titles","2022-11-30","","2026-08-13","Article header states Written by Joost Minnaar November 30, 2022","en","hierarchy; roles; titles","official","Public article; no paywall observed; standard site copyright; robots status requires pre-ingestion verification","Metadata + canonical link + original concise synopsis only; no page-body copy","It contrasts fixed status labels with role-based contribution, a recurring theme in progressive structures."
CR-014,"The Corporate Rebels Handbook - How We Handle Fuck-Ups, Meetings, and Compensation","Pim de Morree","Corporate Rebels","https://www.corporate-rebels.com/blog/way-of-working-handbook","2023-01-11","","2026-08-13","Article header states Written by Pim de Morree January 11, 2023","en","company handbook; transparency; internal practices","official","Public article; no paywall observed; standard site copyright; robots status requires pre-ingestion verification","Metadata + canonical link + original concise synopsis only; no page-body copy","This first-party handbook overview is the strongest compact map of Corporate Rebels' own operating practices."
CR-016,"What Happens When You A/B Test Hybrid Work? The Results Are Fascinating","Pim de Morree","Corporate Rebels","https://www.corporate-rebels.com/blog/what-happens-when-you-a-b-test-hybrid-work-the-results-are-fascinating","2024-12-15","","2026-08-13","Article header states Written by Pim de Morree December 15, 2024","en","hybrid work; experiment; retention","official","Public article; no paywall observed; standard site copyright; robots status requires pre-ingestion verification","Metadata + canonical link + original concise synopsis only; no page-body copy","A recent evidence-focused piece grounds workplace flexibility in a real randomized field experiment."
CR-017,"Decentralization At Scale: Why The Strongest Organizations Look Like Bazaars","Joost Minnaar","Corporate Rebels","https://www.corporate-rebels.com/blog/decentralisation-at-scale-why-the-strongest-organizations-look-like-bazaars","2025-08-28","","2026-08-13","Article header states Written by Joost Minnaar August 28, 2025","en","decentralization; networks; resilience","official","Public article; no paywall observed; standard site copyright; robots status requires pre-ingestion verification","Metadata + canonical link + original concise synopsis only; no page-body copy","The cathedral-versus-bazaar framing unifies several large-scale decentralized operating examples."
CR-018,"Revolutions Don't Start in Boardrooms. They Start With Beer","Joost Minnaar","Corporate Rebels","https://www.corporate-rebels.com/blog/revolutions-dont-start-in-boardrooms-they-start-with-beer","2025-12-04","","2026-08-13","Article header states Written by Joost Minnaar December 04, 2025","en","change networks; community; informal spaces","official","Public article; no paywall observed; standard site copyright; robots status requires pre-ingestion verification","Metadata + canonical link + original concise synopsis only; no page-body copy","It captures the social infrastructure of change: small trusted groups and informal networks rather than top-down programs."
CR-019,"Why 2026 Might Be a Turning Point For Radically Decentralized Organizations","Joost Minnaar","Corporate Rebels","https://www.corporate-rebels.com/blog/why-2026-might-be-a-turning-point-for-radically-decentralized-organizations","2026-01-01","","2026-08-13","Article header states Written by Joost Minnaar January 01, 2026","en","decentralization; adoption; diffusion","official","Public article; no paywall observed; some outbound evidence links use newsletter previews and remain out of scope; standard copyright; robots status requires pre-ingestion verification","Metadata + canonical link + original concise synopsis only; no page-body copy","A current strategic thesis asks whether decentralized models are crossing from pioneering cases into mainstream adoption."
CR-020,"Learned Helplessness at Work: Why Removing Hierarchy Isn't Enough","Joost Minnaar","Corporate Rebels","https://www.corporate-rebels.com/blog/learned-helplessness-at-work","2026-03-09","","2026-08-13","Article header states Written by Joost Minnaar March 09, 2026","en","self-management; learned helplessness; transformation","official","Public article; no paywall observed; standard site copyright; robots status requires pre-ingestion verification","Metadata + canonical link + original concise synopsis only; no page-body copy","It adds a vital human-development caveat: structural freedom does not instantly produce confident agency."
CR-021,"AI and the Future of Work: Liberation vs. Control","Pim de Morree","Corporate Rebels","https://www.corporate-rebels.com/blog/ai-and-the-future-of-work","2026-03-23","","2026-08-13","Article header states Written by Pim de Morree March 23, 2026","en","AI; autonomy; surveillance; future of work","official","Public article; no paywall observed; linked research is out of scope; standard site copyright; robots status requires pre-ingestion verification","Metadata + canonical link + original concise synopsis only; no page-body copy","The piece frames AI deployment as an organizational-design choice between amplifying control and amplifying autonomy."
CR-022,"Organizational silos: what the Titanic teaches us about information that never arrives","Joost Minnaar","Corporate Rebels","https://www.corporate-rebels.com/blog/organizational-silos","2026-04-27","","2026-08-13","Article header states Written by Joost Minnaar April 27, 2026","en","silos; information flow; incentives","official","Public article; no paywall observed; standard site copyright; robots status requires pre-ingestion verification","Metadata + canonical link + original concise synopsis only; no page-body copy","A vivid case makes information-flow failure legible as a structural and incentive problem rather than a people problem."
CR-023,"Positional leadership: the emperor's new clothes of management","Joost Minnaar","Corporate Rebels","https://www.corporate-rebels.com/blog/positional-leadership","2026-05-04","","2026-08-13","Article header states Written by Joost Minnaar May 04, 2026","en","leadership; authority; competence","official","Public article; no paywall observed; standard site copyright; robots status requires pre-ingestion verification","Metadata + canonical link + original concise synopsis only; no page-body copy","It distinguishes authority earned through competence from power inherited through position."
CR-024,"Sociocracy 3.0 examples: what a prison, a bank, and an outdoor retailer taught us","Joost Minnaar","Corporate Rebels","https://www.corporate-rebels.com/blog/sociocracy-3","2026-05-18","","2026-08-13","Article header states Written by Joost Minnaar May 18, 2026","en","sociocracy; field research; modular governance","official","Public article; no paywall observed; standard site copyright; robots status requires pre-ingestion verification","Metadata + canonical link + original concise synopsis only; no page-body copy","Recent field observations show how modular sociocratic practices appear across contrasting organizations."
CR-025,"Holacracy disadvantages: honest criticism and challenges of an innocent framework","Joost Minnaar","Corporate Rebels","https://www.corporate-rebels.com/blog/holacracy-disadvantages-criticism-challenges","2026-06-29","","2026-08-13","Article header states Written by Joost Minnaar June 29, 2026","en","Holacracy; self-management; implementation risks","official","Public article; no paywall observed; standard site copyright; robots status requires pre-ingestion verification","Metadata + canonical link + original concise synopsis only; no page-body copy","A candid critique counterbalances advocacy by documenting how formal self-management can reproduce hidden hierarchy."
CR-026,"Team cohesion: what anthropology teaches us about holding organizations together","Joost Minnaar","Corporate Rebels","https://www.corporate-rebels.com/blog/team-cohesion","2026-07-27","","2026-08-13","Article header states Written by Joost Minnaar July 27, 2026","en","team cohesion; relational design; decentralized organizations","official","Public article; no paywall observed; standard site copyright; robots permits this article path as of retrieval but must be rechecked before ingestion","Metadata + canonical link + original concise synopsis only; no page-body copy","This newest field-informed essay adds the relational mechanisms that keep autonomous units aligned after hierarchy is removed."
CR-027,"The decentralized organization: lessons from 3 German pioneers","Joost Minnaar","Corporate Rebels","https://www.corporate-rebels.com/blog/decentralized-organization","2026-07-27","","2026-08-13","Article header states Written by Joost Minnaar July 27, 2026","en","decentralization; field research; structure and accountability","official","Public article; no paywall observed; standard site copyright; robots permits this article path as of retrieval but must be rechecked before ingestion","Metadata + canonical link + original concise synopsis only; no page-body copy","Three fresh German cases show that decentralization requires a coherent framework, visible decisions, conflict capacity, and individual accountability."
CR-028,"Reclaiming purpose and aliveness (by Frederic Laloux)","Frederic Laloux","Corporate Rebels","https://www.corporate-rebels.com/blog/reclaiming-purpose-and-aliveness-by-frederic-laloux","2026-07-27","","2026-08-13","Article header states Written by Frederic Laloux July 27, 2026","en","purpose; integrity; leadership; meaningful work","official","Public guest essay; no paywall observed; standard site copyright; robots permits this article path as of retrieval but must be rechecked before ingestion","Metadata + canonical link + original concise synopsis only; no page-body copy","The newest guest essay broadens the corpus from structural design to leadership integrity, meaningful purpose, and organizational license to operate."
